sample_idx,frame_path,active,is_stale,selected_y,selected_h,selected_y_top_frac,body_shape,motion_x,motion_y,target_lost_frames,instant_adopted,switch_adopted,candidate_count,accepted_count
0,/workspace/artifacts/real_apex_test/_gif_frames/frame_000.png,False,False,-1.0,-1.0,-1.0,-1.0,-1.0,-1.0,1,False,False,16,2
1,/workspace/artifacts/real_apex_test/_gif_frames/frame_001.png,False,False,-1.0,-1.0,-1.0,-1.0,-1.0,-1.0,2,False,False,1,0
2,/workspace/artifacts/real_apex_test/_gif_frames/frame_002.png,False,False,-1.0,-1.0,-1.0,-1.0,-1.0,-1.0,3,False,False,1,0
3,/workspace/artifacts/real_apex_test/_gif_frames/frame_003.png,False,False,-1.0,-1.0,-1.0,-1.0,-1.0,-1.0,4,False,False,1,0
4,/workspace/artifacts/real_apex_test/_gif_frames/frame_004.png,False,False,-1.0,-1.0,-1.0,-1.0,-1.0,-1.0,5,False,False,3,3
5,/workspace/artifacts/real_apex_test/_gif_frames/frame_005.png,False,False,-1.0,-1.0,-1.0,-1.0,-1.0,-1.0,6,False,False,1,0
6,/workspace/artifacts/real_apex_test/_gif_frames/frame_006.png,True,False,142.0,63.0,0.31555555555555553,0.6221237556561086,223.4066666666667,173.5,0,False,False,3,3
7,/workspace/artifacts/real_apex_test/_gif_frames/frame_007.png,False,True,142.0,63.0,0.31555555555555553,0.6221237556561086,223.4066666666667,173.5,1,False,False,7,4
8,/workspace/artifacts/real_apex_test/_gif_frames/frame_008.png,False,True,142.0,63.0,0.31555555555555553,0.6221237556561086,223.4066666666667,173.5,2,False,False,9,6
9,/workspace/artifacts/real_apex_test/_gif_frames/frame_009.png,False,True,142.0,63.0,0.31555555555555553,0.6221237556561086,223.4066666666667,173.5,3,False,False,10,5
10,/workspace/artifacts/real_apex_test/_gif_frames/frame_010.png,False,True,142.0,63.0,0.31555555555555553,0.6221237556561086,223.4066666666667,173.5,4,False,False,10,4
11,/workspace/artifacts/real_apex_test/_gif_frames/frame_011.png,False,True,142.0,63.0,0.31555555555555553,0.6221237556561086,223.4066666666667,173.5,5,False,False,12,6
12,/workspace/artifacts/real_apex_test/_gif_frames/frame_012.png,False,True,142.0,63.0,0.31555555555555553,0.6221237556561086,223.4066666666667,173.5,6,False,False,10,5
13,/workspace/artifacts/real_apex_test/_gif_frames/frame_013.png,False,True,142.0,63.0,0.31555555555555553,0.6221237556561086,223.4066666666667,173.5,7,False,False,13,8
14,/workspace/artifacts/real_apex_test/_gif_frames/frame_014.png,False,True,142.0,63.0,0.31555555555555553,0.6221237556561086,223.4066666666667,173.5,8,False,False,5,2
15,/workspace/artifacts/real_apex_test/_gif_frames/frame_015.png,False,True,142.0,63.0,0.31555555555555553,0.6221237556561086,223.4066666666667,173.5,9,False,False,1,0
16,/workspace/artifacts/real_apex_test/_gif_frames/frame_016.png,False,True,142.0,63.0,0.31555555555555553,0.6221237556561086,223.4066666666667,173.5,10,False,False,8,3
17,/workspace/artifacts/real_apex_test/_gif_frames/frame_017.png,False,True,142.0,63.0,0.31555555555555553,0.6221237556561086,223.4066666666667,173.5,11,False,False,1,0
18,/workspace/artifacts/real_apex_test/_gif_frames/frame_018.png,False,True,142.0,63.0,0.31555555555555553,0.6221237556561086,223.4066666666667,173.5,12,False,False,2,2
19,/workspace/artifacts/real_apex_test/_gif_frames/frame_019.png,False,True,142.0,63.0,0.31555555555555553,0.6221237556561086,223.4066666666667,173.5,13,False,False,1,0
20,/workspace/artifacts/real_apex_test/_gif_frames/frame_020.png,False,True,142.0,63.0,0.31555555555555553,0.6221237556561086,223.4066666666667,173.5,14,False,False,2,2
21,/workspace/artifacts/real_apex_test/_gif_frames/frame_021.png,False,True,142.0,63.0,0.31555555555555553,0.6221237556561086,223.4066666666667,173.5,15,False,False,2,1
22,/workspace/artifacts/real_apex_test/_gif_frames/frame_022.png,False,True,142.0,63.0,0.31555555555555553,0.6221237556561086,223.4066666666667,173.5,16,False,False,6,4
23,/workspace/artifacts/real_apex_test/_gif_frames/frame_023.png,False,True,142.0,63.0,0.31555555555555553,0.6221237556561086,223.4066666666667,173.5,17,False,False,7,3
24,/workspace/artifacts/real_apex_test/_gif_frames/frame_024.png,False,False,-1.0,-1.0,-1.0,-1.0,-1.0,-1.0,18,False,False,1,0
25,/workspace/artifacts/real_apex_test/_gif_frames/frame_025.png,False,False,-1.0,-1.0,-1.0,-1.0,-1.0,-1.0,19,False,False,8,3
26,/workspace/artifacts/real_apex_test/_gif_frames/frame_026.png,True,False,45.0,188.0,0.1,0.8360484084880637,400.20599999999996,139.0,0,False,False,9,2
27,/workspace/artifacts/real_apex_test/_gif_frames/frame_027.png,True,False,45.0,189.0,0.1,0.8364208222811671,400.20599999999996,139.0,0,True,False,2,2
28,/workspace/artifacts/real_apex_test/_gif_frames/frame_028.png,False,True,45.0,189.0,0.1,0.8364208222811671,400.20599999999996,139.0,1,False,False,1,0
29,/workspace/artifacts/real_apex_test/_gif_frames/frame_029.png,False,True,45.0,189.0,0.1,0.8364208222811671,400.20599999999996,139.0,1,False,False,3,0
30,/workspace/artifacts/real_apex_test/_gif_frames/frame_030.png,False,True,45.0,189.0,0.1,0.8364208222811671,400.20599999999996,139.0,2,False,False,5,3
31,/workspace/artifacts/real_apex_test/_gif_frames/frame_031.png,False,True,45.0,189.0,0.1,0.8364208222811671,400.20599999999996,139.0,2,False,False,7,3
32,/workspace/artifacts/real_apex_test/_gif_frames/frame_032.png,False,True,45.0,189.0,0.1,0.8364208222811671,400.20599999999996,139.0,3,False,False,8,3
33,/workspace/artifacts/real_apex_test/_gif_frames/frame_033.png,False,True,45.0,189.0,0.1,0.8364208222811671,400.20599999999996,139.0,3,False,False,11,4
34,/workspace/artifacts/real_apex_test/_gif_frames/frame_034.png,False,True,45.0,189.0,0.1,0.8364208222811671,400.20599999999996,139.0,4,False,False,3,1
35,/workspace/artifacts/real_apex_test/_gif_frames/frame_035.png,False,True,45.0,189.0,0.1,0.8364208222811671,400.20599999999996,139.0,5,False,False,9,2
36,/workspace/artifacts/real_apex_test/_gif_frames/frame_036.png,False,True,45.0,189.0,0.1,0.8364208222811671,400.20599999999996,139.0,6,False,False,7,3
37,/workspace/artifacts/real_apex_test/_gif_frames/frame_037.png,False,True,45.0,189.0,0.1,0.8364208222811671,400.20599999999996,139.0,6,False,False,1,0
38,/workspace/artifacts/real_apex_test/_gif_frames/frame_038.png,False,True,45.0,189.0,0.1,0.8364208222811671,400.20599999999996,139.0,7,False,False,1,0
39,/workspace/artifacts/real_apex_test/_gif_frames/frame_039.png,False,True,45.0,189.0,0.1,0.8364208222811671,400.20599999999996,139.0,8,False,False,1,0
40,/workspace/artifacts/real_apex_test/_gif_frames/frame_040.png,False,True,45.0,189.0,0.1,0.8364208222811671,400.20599999999996,139.0,9,False,False,2,1
41,/workspace/artifacts/real_apex_test/_gif_frames/frame_041.png,False,True,45.0,189.0,0.1,0.8364208222811671,400.20599999999996,139.0,10,False,False,1,0
42,/workspace/artifacts/real_apex_test/_gif_frames/frame_042.png,False,True,45.0,189.0,0.1,0.8364208222811671,400.20599999999996,139.0,11,False,False,1,0
43,/workspace/artifacts/real_apex_test/_gif_frames/frame_043.png,False,True,45.0,189.0,0.1,0.8364208222811671,400.20599999999996,139.0,11,False,False,4,3
44,/workspace/artifacts/real_apex_test/_gif_frames/frame_044.png,False,True,45.0,189.0,0.1,0.8364208222811671,400.20599999999996,139.0,12,False,False,7,4
45,/workspace/artifacts/real_apex_test/_gif_frames/frame_045.png,False,True,45.0,189.0,0.1,0.8364208222811671,400.20599999999996,139.0,12,False,False,11,3
46,/workspace/artifacts/real_apex_test/_gif_frames/frame_046.png,False,True,45.0,189.0,0.1,0.8364208222811671,400.20599999999996,139.0,12,False,False,7,3
47,/workspace/artifacts/real_apex_test/_gif_frames/frame_047.png,False,True,45.0,189.0,0.1,0.8364208222811671,400.20599999999996,139.0,13,False,False,1,0
48,/workspace/artifacts/real_apex_test/_gif_frames/frame_048.png,False,True,45.0,189.0,0.1,0.8364208222811671,400.20599999999996,139.0,13,False,False,4,3
49,/workspace/artifacts/real_apex_test/_gif_frames/frame_049.png,True,False,45.0,185.0,0.1,0.8186108798735512,400.20599999999996,137.5,0,True,False,6,5
50,/workspace/artifacts/real_apex_test/_gif_frames/frame_050.png,True,False,45.0,189.0,0.1,0.8350836049543677,400.20599999999996,139.0,0,True,False,9,5
51,/workspace/artifacts/real_apex_test/_gif_frames/frame_051.png,True,False,45.0,193.0,0.1,0.8258981900452489,400.20599999999996,139.0,0,True,False,7,3
52,/workspace/artifacts/real_apex_test/_gif_frames/frame_052.png,True,False,45.0,193.0,0.1,0.8365480117340287,400.20599999999996,139.0,0,True,False,14,5
53,/workspace/artifacts/real_apex_test/_gif_frames/frame_053.png,True,False,32.0,210.0,0.07111111111111111,1.0,400.20599999999996,137.0,0,True,False,11,3
54,/workspace/artifacts/real_apex_test/_gif_frames/frame_054.png,False,True,32.0,210.0,0.07111111111111111,1.0,400.20599999999996,137.0,1,False,False,9,5
55,/workspace/artifacts/real_apex_test/_gif_frames/frame_055.png,False,True,32.0,210.0,0.07111111111111111,1.0,400.20599999999996,137.0,1,False,False,12,4
56,/workspace/artifacts/real_apex_test/_gif_frames/frame_056.png,False,True,32.0,210.0,0.07111111111111111,1.0,400.20599999999996,137.0,1,False,False,8,4
57,/workspace/artifacts/real_apex_test/_gif_frames/frame_057.png,False,True,32.0,210.0,0.07111111111111111,1.0,400.20599999999996,137.0,2,False,False,9,3
58,/workspace/artifacts/real_apex_test/_gif_frames/frame_058.png,False,True,32.0,210.0,0.07111111111111111,1.0,400.20599999999996,137.0,3,False,False,12,6
59,/workspace/artifacts/real_apex_test/_gif_frames/frame_059.png,False,True,32.0,210.0,0.07111111111111111,1.0,400.20599999999996,137.0,4,False,False,11,4
60,/workspace/artifacts/real_apex_test/_gif_frames/frame_060.png,False,True,32.0,210.0,0.07111111111111111,1.0,400.20599999999996,137.0,4,False,False,14,2
61,/workspace/artifacts/real_apex_test/_gif_frames/frame_061.png,False,True,32.0,210.0,0.07111111111111111,1.0,400.20599999999996,137.0,5,False,False,11,4
62,/workspace/artifacts/real_apex_test/_gif_frames/frame_062.png,False,True,32.0,210.0,0.07111111111111111,1.0,400.20599999999996,137.0,5,False,False,10,4
63,/workspace/artifacts/real_apex_test/_gif_frames/frame_063.png,False,True,32.0,210.0,0.07111111111111111,1.0,400.20599999999996,137.0,5,False,False,9,3
64,/workspace/artifacts/real_apex_test/_gif_frames/frame_064.png,False,True,32.0,210.0,0.07111111111111111,1.0,400.20599999999996,137.0,5,False,False,8,2
65,/workspace/artifacts/real_apex_test/_gif_frames/frame_065.png,False,True,32.0,210.0,0.07111111111111111,1.0,400.20599999999996,137.0,6,False,False,9,0
66,/workspace/artifacts/real_apex_test/_gif_frames/frame_066.png,False,True,32.0,210.0,0.07111111111111111,1.0,400.20599999999996,137.0,7,False,False,6,1
67,/workspace/artifacts/real_apex_test/_gif_frames/frame_067.png,False,True,32.0,210.0,0.07111111111111111,1.0,400.20599999999996,137.0,8,False,False,5,1
68,/workspace/artifacts/real_apex_test/_gif_frames/frame_068.png,False,True,32.0,210.0,0.07111111111111111,1.0,400.20599999999996,137.0,9,False,False,6,2
69,/workspace/artifacts/real_apex_test/_gif_frames/frame_069.png,False,True,32.0,210.0,0.07111111111111111,1.0,400.20599999999996,137.0,10,False,False,4,1
70,/workspace/artifacts/real_apex_test/_gif_frames/frame_070.png,False,True,32.0,210.0,0.07111111111111111,1.0,400.20599999999996,137.0,10,False,False,6,2
71,/workspace/artifacts/real_apex_test/_gif_frames/frame_071.png,False,True,32.0,210.0,0.07111111111111111,1.0,400.20599999999996,137.0,11,False,False,4,1
72,/workspace/artifacts/real_apex_test/_gif_frames/frame_072.png,False,True,32.0,210.0,0.07111111111111111,1.0,400.20599999999996,137.0,12,False,False,5,1
73,/workspace/artifacts/real_apex_test/_gif_frames/frame_073.png,False,True,32.0,210.0,0.07111111111111111,1.0,400.20599999999996,137.0,13,False,False,5,1
74,/workspace/artifacts/real_apex_test/_gif_frames/frame_074.png,False,True,32.0,210.0,0.07111111111111111,1.0,400.20599999999996,137.0,14,False,False,7,2
75,/workspace/artifacts/real_apex_test/_gif_frames/frame_075.png,False,True,32.0,210.0,0.07111111111111111,1.0,400.20599999999996,137.0,14,False,False,7,3
76,/workspace/artifacts/real_apex_test/_gif_frames/frame_076.png,False,True,32.0,210.0,0.07111111111111111,1.0,400.20599999999996,137.0,15,False,False,6,3
77,/workspace/artifacts/real_apex_test/_gif_frames/frame_077.png,False,True,32.0,210.0,0.07111111111111111,1.0,400.20599999999996,137.0,16,False,False,1,0
78,/workspace/artifacts/real_apex_test/_gif_frames/frame_078.png,False,True,32.0,210.0,0.07111111111111111,1.0,400.20599999999996,137.0,17,False,False,7,2
79,/workspace/artifacts/real_apex_test/_gif_frames/frame_079.png,False,False,-1.0,-1.0,-1.0,-1.0,-1.0,-1.0,18,False,False,2,2
80,/workspace/artifacts/real_apex_test/_gif_frames/frame_080.png,True,False,176.0,170.0,0.39111111111111113,1.0,471.34,223.6,0,False,False,4,4
81,/workspace/artifacts/real_apex_test/_gif_frames/frame_081.png,False,True,176.0,170.0,0.39111111111111113,1.0,471.34,223.6,1,False,False,4,3
82,/workspace/artifacts/real_apex_test/_gif_frames/frame_082.png,False,True,176.0,170.0,0.39111111111111113,1.0,471.34,223.6,2,False,False,1,0
83,/workspace/artifacts/real_apex_test/_gif_frames/frame_083.png,False,True,176.0,170.0,0.39111111111111113,1.0,471.34,223.6,3,False,False,3,1
84,/workspace/artifacts/real_apex_test/_gif_frames/frame_084.png,False,True,176.0,170.0,0.39111111111111113,1.0,471.34,223.6,4,False,False,2,0
85,/workspace/artifacts/real_apex_test/_gif_frames/frame_085.png,False,True,176.0,170.0,0.39111111111111113,1.0,471.34,223.6,5,False,False,3,1
86,/workspace/artifacts/real_apex_test/_gif_frames/frame_086.png,False,True,176.0,170.0,0.39111111111111113,1.0,471.34,223.6,6,False,False,5,4
87,/workspace/artifacts/real_apex_test/_gif_frames/frame_087.png,False,True,176.0,170.0,0.39111111111111113,1.0,471.34,223.6,7,False,False,3,3
88,/workspace/artifacts/real_apex_test/_gif_frames/frame_088.png,False,True,176.0,170.0,0.39111111111111113,1.0,471.34,223.6,8,False,False,5,4
89,/workspace/artifacts/real_apex_test/_gif_frames/frame_089.png,False,True,176.0,170.0,0.39111111111111113,1.0,471.34,223.6,9,False,False,5,2
90,/workspace/artifacts/real_apex_test/_gif_frames/frame_090.png,False,True,176.0,170.0,0.39111111111111113,1.0,471.34,223.6,10,False,False,4,3
91,/workspace/artifacts/real_apex_test/_gif_frames/frame_091.png,False,True,176.0,170.0,0.39111111111111113,1.0,471.34,223.6,11,False,False,6,4
92,/workspace/artifacts/real_apex_test/_gif_frames/frame_092.png,False,True,176.0,170.0,0.39111111111111113,1.0,471.34,223.6,12,False,False,7,4
93,/workspace/artifacts/real_apex_test/_gif_frames/frame_093.png,False,True,176.0,170.0,0.39111111111111113,1.0,471.34,223.6,13,False,False,8,4
94,/workspace/artifacts/real_apex_test/_gif_frames/frame_094.png,False,True,176.0,170.0,0.39111111111111113,1.0,471.34,223.6,14,False,False,7,3
95,/workspace/artifacts/real_apex_test/_gif_frames/frame_095.png,False,True,176.0,170.0,0.39111111111111113,1.0,471.34,223.6,15,False,False,7,4
96,/workspace/artifacts/real_apex_test/_gif_frames/frame_096.png,False,True,176.0,170.0,0.39111111111111113,1.0,471.34,223.6,16,False,False,6,4
97,/workspace/artifacts/real_apex_test/_gif_frames/frame_097.png,False,True,176.0,170.0,0.39111111111111113,1.0,471.34,223.6,17,False,False,7,4
98,/workspace/artifacts/real_apex_test/_gif_frames/frame_098.png,False,False,-1.0,-1.0,-1.0,-1.0,-1.0,-1.0,18,False,False,7,3
99,/workspace/artifacts/real_apex_test/_gif_frames/frame_099.png,False,False,-1.0,-1.0,-1.0,-1.0,-1.0,-1.0,19,False,False,8,4
100,/workspace/artifacts/real_apex_test/_gif_frames/frame_100.png,False,False,-1.0,-1.0,-1.0,-1.0,-1.0,-1.0,20,False,False,7,3
101,/workspace/artifacts/real_apex_test/_gif_frames/frame_101.png,False,False,-1.0,-1.0,-1.0,-1.0,-1.0,-1.0,21,False,False,8,3
102,/workspace/artifacts/real_apex_test/_gif_frames/frame_102.png,False,False,-1.0,-1.0,-1.0,-1.0,-1.0,-1.0,22,False,False,5,3
103,/workspace/artifacts/real_apex_test/_gif_frames/frame_103.png,False,False,-1.0,-1.0,-1.0,-1.0,-1.0,-1.0,23,False,False,6,1
104,/workspace/artifacts/real_apex_test/_gif_frames/frame_104.png,True,False,240.0,149.0,0.5333333333333333,1.0,537.995,282.70566037735847,0,False,False,6,2
105,/workspace/artifacts/real_apex_test/_gif_frames/frame_105.png,False,True,240.0,149.0,0.5333333333333333,1.0,537.995,282.70566037735847,1,False,False,6,3
106,/workspace/artifacts/real_apex_test/_gif_frames/frame_106.png,False,True,240.0,149.0,0.5333333333333333,1.0,537.995,282.70566037735847,2,False,False,6,3
107,/workspace/artifacts/real_apex_test/_gif_frames/frame_107.png,False,True,240.0,149.0,0.5333333333333333,1.0,537.995,282.70566037735847,3,False,False,6,0
108,/workspace/artifacts/real_apex_test/_gif_frames/frame_108.png,False,True,240.0,149.0,0.5333333333333333,1.0,537.995,282.70566037735847,4,False,False,5,1
109,/workspace/artifacts/real_apex_test/_gif_frames/frame_109.png,False,True,240.0,149.0,0.5333333333333333,1.0,537.995,282.70566037735847,5,False,False,5,0
110,/workspace/artifacts/real_apex_test/_gif_frames/frame_110.png,False,True,240.0,149.0,0.5333333333333333,1.0,537.995,282.70566037735847,6,False,False,8,2
111,/workspace/artifacts/real_apex_test/_gif_frames/frame_111.png,False,True,240.0,149.0,0.5333333333333333,1.0,537.995,282.70566037735847,7,False,False,7,1
112,/workspace/artifacts/real_apex_test/_gif_frames/frame_112.png,False,True,240.0,149.0,0.5333333333333333,1.0,537.995,282.70566037735847,8,False,False,3,1
113,/workspace/artifacts/real_apex_test/_gif_frames/frame_113.png,False,True,240.0,149.0,0.5333333333333333,1.0,537.995,282.70566037735847,9,False,False,2,1
114,/workspace/artifacts/real_apex_test/_gif_frames/frame_114.png,False,True,240.0,149.0,0.5333333333333333,1.0,537.995,282.70566037735847,10,False,False,4,2
115,/workspace/artifacts/real_apex_test/_gif_frames/frame_115.png,False,True,240.0,149.0,0.5333333333333333,1.0,537.995,282.70566037735847,11,False,False,5,2
116,/workspace/artifacts/real_apex_test/_gif_frames/frame_116.png,False,True,240.0,149.0,0.5333333333333333,1.0,537.995,282.70566037735847,12,False,False,5,2
117,/workspace/artifacts/real_apex_test/_gif_frames/frame_117.png,False,True,240.0,149.0,0.5333333333333333,1.0,537.995,282.70566037735847,12,False,False,5,2
118,/workspace/artifacts/real_apex_test/_gif_frames/frame_118.png,False,True,240.0,149.0,0.5333333333333333,1.0,537.995,282.70566037735847,12,False,False,6,2
119,/workspace/artifacts/real_apex_test/_gif_frames/frame_119.png,False,True,240.0,149.0,0.5333333333333333,1.0,537.995,282.70566037735847,13,False,False,10,3
120,/workspace/artifacts/real_apex_test/_gif_frames/frame_120.png,False,True,240.0,149.0,0.5333333333333333,1.0,537.995,282.70566037735847,13,False,False,7,1
121,/workspace/artifacts/real_apex_test/_gif_frames/frame_121.png,False,True,240.0,149.0,0.5333333333333333,1.0,537.995,282.70566037735847,14,False,False,5,2
122,/workspace/artifacts/real_apex_test/_gif_frames/frame_122.png,False,True,240.0,149.0,0.5333333333333333,1.0,537.995,282.70566037735847,14,False,False,6,2
123,/workspace/artifacts/real_apex_test/_gif_frames/frame_123.png,False,True,240.0,149.0,0.5333333333333333,1.0,537.995,282.70566037735847,14,False,False,5,2
124,/workspace/artifacts/real_apex_test/_gif_frames/frame_124.png,False,True,240.0,149.0,0.5333333333333333,1.0,537.995,282.70566037735847,15,False,False,6,1
125,/workspace/artifacts/real_apex_test/_gif_frames/frame_125.png,False,True,240.0,149.0,0.5333333333333333,1.0,537.995,282.70566037735847,16,False,False,3,1
126,/workspace/artifacts/real_apex_test/_gif_frames/frame_126.png,False,True,240.0,149.0,0.5333333333333333,1.0,537.995,282.70566037735847,16,False,False,4,1
127,/workspace/artifacts/real_apex_test/_gif_frames/frame_127.png,False,True,240.0,149.0,0.5333333333333333,1.0,537.995,282.70566037735847,16,False,False,4,1
128,/workspace/artifacts/real_apex_test/_gif_frames/frame_128.png,False,True,240.0,149.0,0.5333333333333333,1.0,537.995,282.70566037735847,16,False,False,5,0
129,/workspace/artifacts/real_apex_test/_gif_frames/frame_129.png,False,True,240.0,149.0,0.5333333333333333,1.0,537.995,282.70566037735847,16,False,False,5,0
130,/workspace/artifacts/real_apex_test/_gif_frames/frame_130.png,False,True,240.0,149.0,0.5333333333333333,1.0,537.995,282.70566037735847,16,False,False,6,1
131,/workspace/artifacts/real_apex_test/_gif_frames/frame_131.png,False,True,240.0,149.0,0.5333333333333333,1.0,537.995,282.70566037735847,17,False,False,6,1
132,/workspace/artifacts/real_apex_test/_gif_frames/frame_132.png,False,False,-1.0,-1.0,-1.0,-1.0,-1.0,-1.0,18,False,False,8,3
133,/workspace/artifacts/real_apex_test/_gif_frames/frame_133.png,True,False,30.0,397.0,0.06666666666666667,1.0,495.43000000000006,199.66328816542014,0,False,False,7,3
134,/workspace/artifacts/real_apex_test/_gif_frames/frame_134.png,False,True,30.0,397.0,0.06666666666666667,1.0,495.43000000000006,199.66328816542014,1,False,False,4,1
135,/workspace/artifacts/real_apex_test/_gif_frames/frame_135.png,False,True,30.0,397.0,0.06666666666666667,1.0,495.43000000000006,199.66328816542014,2,False,False,4,3
136,/workspace/artifacts/real_apex_test/_gif_frames/frame_136.png,False,True,30.0,397.0,0.06666666666666667,1.0,495.43000000000006,199.66328816542014,2,False,False,4,2
137,/workspace/artifacts/real_apex_test/_gif_frames/frame_137.png,False,True,30.0,397.0,0.06666666666666667,1.0,495.43000000000006,199.66328816542014,2,False,False,2,2
138,/workspace/artifacts/real_apex_test/_gif_frames/frame_138.png,False,True,30.0,397.0,0.06666666666666667,1.0,495.43000000000006,199.66328816542014,3,False,False,1,0
139,/workspace/artifacts/real_apex_test/_gif_frames/frame_139.png,False,True,30.0,397.0,0.06666666666666667,1.0,495.43000000000006,199.66328816542014,3,False,False,4,3
140,/workspace/artifacts/real_apex_test/_gif_frames/frame_140.png,False,True,30.0,397.0,0.06666666666666667,1.0,495.43000000000006,199.66328816542014,4,False,False,5,3
141,/workspace/artifacts/real_apex_test/_gif_frames/frame_141.png,False,True,30.0,397.0,0.06666666666666667,1.0,495.43000000000006,199.66328816542014,5,False,False,7,4
142,/workspace/artifacts/real_apex_test/_gif_frames/frame_142.png,False,True,30.0,397.0,0.06666666666666667,1.0,495.43000000000006,199.66328816542014,6,False,False,6,2
143,/workspace/artifacts/real_apex_test/_gif_frames/frame_143.png,False,True,30.0,397.0,0.06666666666666667,1.0,495.43000000000006,199.66328816542014,7,False,False,7,4
144,/workspace/artifacts/real_apex_test/_gif_frames/frame_144.png,False,True,30.0,397.0,0.06666666666666667,1.0,495.43000000000006,199.66328816542014,8,False,False,6,5
145,/workspace/artifacts/real_apex_test/_gif_frames/frame_145.png,False,True,30.0,397.0,0.06666666666666667,1.0,495.43000000000006,199.66328816542014,9,False,False,9,3
146,/workspace/artifacts/real_apex_test/_gif_frames/frame_146.png,False,True,30.0,397.0,0.06666666666666667,1.0,495.43000000000006,199.66328816542014,10,False,False,6,3
147,/workspace/artifacts/real_apex_test/_gif_frames/frame_147.png,False,True,30.0,397.0,0.06666666666666667,1.0,495.43000000000006,199.66328816542014,11,False,False,9,5
148,/workspace/artifacts/real_apex_test/_gif_frames/frame_148.png,False,True,30.0,397.0,0.06666666666666667,1.0,495.43000000000006,199.66328816542014,12,False,False,9,3
149,/workspace/artifacts/real_apex_test/_gif_frames/frame_149.png,False,True,30.0,397.0,0.06666666666666667,1.0,495.43000000000006,199.66328816542014,13,False,False,8,3
150,/workspace/artifacts/real_apex_test/_gif_frames/frame_150.png,False,True,30.0,397.0,0.06666666666666667,1.0,495.43000000000006,199.66328816542014,14,False,False,6,3
151,/workspace/artifacts/real_apex_test/_gif_frames/frame_151.png,False,True,30.0,397.0,0.06666666666666667,1.0,495.43000000000006,199.66328816542014,15,False,False,7,3
152,/workspace/artifacts/real_apex_test/_gif_frames/frame_152.png,False,True,30.0,397.0,0.06666666666666667,1.0,495.43000000000006,199.66328816542014,16,False,False,6,2
153,/workspace/artifacts/real_apex_test/_gif_frames/frame_153.png,False,True,30.0,397.0,0.06666666666666667,1.0,495.43000000000006,199.66328816542014,17,False,False,5,1
154,/workspace/artifacts/real_apex_test/_gif_frames/frame_154.png,False,False,-1.0,-1.0,-1.0,-1.0,-1.0,-1.0,18,False,False,4,1
155,/workspace/artifacts/real_apex_test/_gif_frames/frame_155.png,False,False,-1.0,-1.0,-1.0,-1.0,-1.0,-1.0,19,False,False,6,1
156,/workspace/artifacts/real_apex_test/_gif_frames/frame_156.png,True,False,156.0,264.0,0.3466666666666667,0.994288242496724,246.435,263.8028897266729,0,False,False,4,2
157,/workspace/artifacts/real_apex_test/_gif_frames/frame_157.png,True,False,106.0,314.0,0.23555555555555555,1.0,261.9218972805735,251.5907223124008,0,True,False,5,1
158,/workspace/artifacts/real_apex_test/_gif_frames/frame_158.png,True,False,124.0,295.0,0.27555555555555555,1.0,281.3147491559268,253.34601624259443,0,True,False,5,1
159,/workspace/artifacts/real_apex_test/_gif_frames/frame_159.png,False,True,124.0,295.0,0.27555555555555555,1.0,281.3147491559268,253.34601624259443,1,False,False,4,1
160,/workspace/artifacts/real_apex_test/_gif_frames/frame_160.png,False,True,124.0,295.0,0.27555555555555555,1.0,281.3147491559268,253.34601624259443,1,False,False,5,2
161,/workspace/artifacts/real_apex_test/_gif_frames/frame_161.png,True,False,151.0,269.0,0.33555555555555555,1.0,288.61168116523527,240.13101837177229,0,True,False,6,2
162,/workspace/artifacts/real_apex_test/_gif_frames/frame_162.png,False,True,151.0,269.0,0.33555555555555555,1.0,288.61168116523527,240.13101837177229,1,False,False,4,3
163,/workspace/artifacts/real_apex_test/_gif_frames/frame_163.png,False,True,151.0,269.0,0.33555555555555555,1.0,288.61168116523527,240.13101837177229,1,False,False,6,3
164,/workspace/artifacts/real_apex_test/_gif_frames/frame_164.png,False,True,151.0,269.0,0.33555555555555555,1.0,288.61168116523527,240.13101837177229,2,False,False,5,3
165,/workspace/artifacts/real_apex_test/_gif_frames/frame_165.png,False,True,151.0,269.0,0.33555555555555555,1.0,288.61168116523527,240.13101837177229,2,False,False,9,3
